{
  "accuracy": 0.9063042220936958,
  "precision": 0.8943820224719101,
  "recall": 0.9212962962962963,
  "f1": 0.9076396807297605,
  "roc_auc": 0.970501498608435,
  "train_samples": 6915,
  "test_samples": 1729,
  "num_features": 20
}